"Status","Start Time","Stop Time","Duration in ms","Parent Suite","Suite","Sub Suite","Test Class","Test Method","Name","Description"
"passed","Fri Jan 09 17:20:34 WIB 2026","Fri Jan 09 17:20:34 WIB 2026","680","Surefire suite","Surefire test","com.selenium.ChamiloAssociationPageTest","com.selenium.ChamiloAssociationPageTest","testDamienRenouProfile","Verifikasi profil Damien Renou lengkap",""
"passed","Fri Jan 09 17:20:35 WIB 2026","Fri Jan 09 17:20:35 WIB 2026","88","Surefire suite","Surefire test","com.selenium.ChamiloAssociationPageTest","com.selenium.ChamiloAssociationPageTest","testImagesAltText","Verifikasi semua gambar memiliki proper alt text",""
"passed","Fri Jan 09 14:29:42 WIB 2026","Fri Jan 09 14:29:42 WIB 2026","11","Surefire suite","Surefire test","com.selenium.TrainingPageTest","com.selenium.TrainingPageTest","shouldHaveCorrectSocialMediaLinks","Verifikasi semua link media sosial membuka profil yang benar",""
"passed","Fri Jan 09 14:29:31 WIB 2026","Fri Jan 09 14:29:31 WIB 2026","12","Surefire suite","Surefire test","com.selenium.TrainingPageTest","com.selenium.TrainingPageTest","shouldDisplayCCHAPAUniqueIdInfo","Verifikasi unique ID officially recognized dijelaskan",""
"passed","Fri Jan 09 16:44:27 WIB 2026","Fri Jan 09 16:44:42 WIB 2026","15365","Surefire suite","Surefire test","com.selenium.ProvidersPageTest","com.selenium.ProvidersPageTest","shouldDisplayPageTitle","Verifikasi halaman judul 'Providers' ditampilkan dengan benar",""
"passed","Fri Jan 09 21:27:25 WIB 2026","Fri Jan 09 21:27:28 WIB 2026","2964","Surefire suite","Surefire test","com.selenium.ForumPageTest","com.selenium.ForumPageTest","shouldExposeGlobalForumCTA","Section Global Forum menampilkan CTA ke GitHub Discussions",""
"passed","Fri Jan 09 17:20:20 WIB 2026","Fri Jan 09 17:20:21 WIB 2026","896","Surefire suite","Surefire test","com.selenium.ChamiloAssociationPageTest","com.selenium.ChamiloAssociationPageTest","testMissionTabClick","Verifikasi tab 'Mission' dapat diklik dan kontennya muncul",""
"passed","Fri Jan 09 16:44:43 WIB 2026","Fri Jan 09 16:44:43 WIB 2026","9","Surefire suite","Surefire test","com.selenium.ProvidersPageTest","com.selenium.ProvidersPageTest","shouldHaveCorrectURL","Verifikasi URL halaman providers benar",""
"passed","Fri Jan 09 21:27:20 WIB 2026","Fri Jan 09 21:27:23 WIB 2026","2928","Surefire suite","Surefire test","com.selenium.ForumPageTest","com.selenium.ForumPageTest","shouldShowTitleAndIntro","Halaman forum menampilkan judul utama dan intro",""
"passed","Fri Jan 09 16:43:16 WIB 2026","Fri Jan 09 16:43:16 WIB 2026","40","Surefire suite","Surefire test","com.selenium.ContactPageTest","com.selenium.ContactPageTest","shouldDisplayEmailField","Verifikasi Email field ada dan berfungsi",""
"passed","Fri Jan 09 21:27:23 WIB 2026","Fri Jan 09 21:27:25 WIB 2026","2083","Surefire suite","Surefire test","com.selenium.ForumPageTest","com.selenium.ForumPageTest","shouldRenderForumImage","Gambar forum utama dimuat dengan baik",""
"passed","Fri Jan 09 16:43:18 WIB 2026","Fri Jan 09 16:43:18 WIB 2026","26","Surefire suite","Surefire test","com.selenium.ContactPageTest","com.selenium.ContactPageTest","shouldHaveFormAction","Verifikasi form has action attribute untuk submission",""
"passed","Fri Jan 09 17:20:21 WIB 2026","Fri Jan 09 17:20:24 WIB 2026","2929","Surefire suite","Surefire test","com.selenium.ChamiloAssociationPageTest","com.selenium.ChamiloAssociationPageTest","testTabNavigation","Verifikasi navigasi antara tab The Association, History, Mission",""
"passed","Fri Jan 09 16:43:15 WIB 2026","Fri Jan 09 16:43:16 WIB 2026","35","Surefire suite","Surefire test","com.selenium.ContactPageTest","com.selenium.ContactPageTest","shouldDisplayContactForm","Verifikasi contact form terlihat dan dengan benar displayed",""
"passed","Fri Jan 09 17:20:32 WIB 2026","Fri Jan 09 17:20:32 WIB 2026","530","Surefire suite","Surefire test","com.selenium.ChamiloAssociationPageTest","com.selenium.ChamiloAssociationPageTest","testCommunityLeadersTitle","Verifikasi judul seksi 'Our community leaders' terlihat",""
"passed","Fri Jan 09 17:20:35 WIB 2026","Fri Jan 09 17:20:35 WIB 2026","166","Surefire suite","Surefire test","com.selenium.ChamiloAssociationPageTest","com.selenium.ChamiloAssociationPageTest","testProfileImagesLoaded","Verifikasi semua foto profil dimuat tanpa error",""
"passed","Fri Jan 09 21:27:13 WIB 2026","Fri Jan 09 21:27:20 WIB 2026","6581","Surefire suite","Surefire test","com.selenium.ForumPageTest","com.selenium.ForumPageTest","shouldDisplayPageTitle","Verifikasi halaman judul Forum ditampilkan dengan benar",""
"passed","Fri Jan 09 14:29:31 WIB 2026","Fri Jan 09 14:29:31 WIB 2026","14","Surefire suite","Surefire test","com.selenium.TrainingPageTest","com.selenium.TrainingPageTest","shouldDisplayCCHAPARankingInfo","Verifikasi informasi ranking 'from highest to lowest score' terlihat",""
"passed","Fri Jan 09 17:20:35 WIB 2026","Fri Jan 09 17:20:35 WIB 2026","15","Surefire suite","Surefire test","com.selenium.ChamiloAssociationPageTest","com.selenium.ChamiloAssociationPageTest","testMichelaWebsiteLink","Verifikasi Michela's website link (michelamosquera.com)",""
"passed","Fri Jan 09 14:29:31 WIB 2026","Fri Jan 09 14:29:31 WIB 2026","27","Surefire suite","Surefire test","com.selenium.TrainingPageTest","com.selenium.TrainingPageTest","shouldDisplayTrainingHeading","Verifikasi judul halaman terlihat di browser tab",""
"passed","Fri Jan 09 14:29:41 WIB 2026","Fri Jan 09 14:29:41 WIB 2026","11","Surefire suite","Surefire test","com.selenium.TrainingPageTest","com.selenium.TrainingPageTest","shouldHaveFunctionalPortalAssistantLink","Verifikasi link Portal Assistant berfungsi dengan benar",""
"passed","Fri Jan 09 16:43:16 WIB 2026","Fri Jan 09 16:43:17 WIB 2026","31","Surefire suite","Surefire test","com.selenium.ContactPageTest","com.selenium.ContactPageTest","shouldDisplayPrivacyCheckbox","Verifikasi privacy policy acceptance checkbox ada",""
"passed","Fri Jan 09 14:29:41 WIB 2026","Fri Jan 09 14:29:41 WIB 2026","12","Surefire suite","Surefire test","com.selenium.TrainingPageTest","com.selenium.TrainingPageTest","shouldHaveLogicallyOrganizedSections","Verifikasi semua bagian informasi terorganisir dengan logis",""
"passed","Fri Jan 09 16:44:43 WIB 2026","Fri Jan 09 16:44:43 WIB 2026","32","Surefire suite","Surefire test","com.selenium.ProvidersPageTest","com.selenium.ProvidersPageTest","shouldDisplayBatisseursNumeriquesCard","Verifikasi Bâtisseurs Numériques provider card ditampilkan",""
"passed","Fri Jan 09 16:44:43 WIB 2026","Fri Jan 09 16:44:43 WIB 2026","49","Surefire suite","Surefire test","com.selenium.ProvidersPageTest","com.selenium.ProvidersPageTest","shouldDisplayProvidersHeading","Verifikasi heading 'Providers' terlihat pada halaman",""
"passed","Fri Jan 09 17:20:18 WIB 2026","Fri Jan 09 17:20:19 WIB 2026","1143","Surefire suite","Surefire test","com.selenium.ChamiloAssociationPageTest","com.selenium.ChamiloAssociationPageTest","testTheAssociationTitle","Verifikasi 'The Association' judul ditampilkan dengan benar",""
"passed","Fri Jan 09 16:44:44 WIB 2026","Fri Jan 09 16:44:44 WIB 2026","22","Surefire suite","Surefire test","com.selenium.ProvidersPageTest","com.selenium.ProvidersPageTest","shouldDisplayContentService","Verifikasi layanan 'Content' ditampilkan",""
"passed","Fri Jan 09 17:20:26 WIB 2026","Fri Jan 09 17:20:27 WIB 2026","1888","Surefire suite","Surefire test","com.selenium.ChamiloAssociationPageTest","com.selenium.ChamiloAssociationPageTest","testScrollFromTabsToBoardOfDirectors","Verifikasi scroll dari tab section ke Board of Directors",""
"passed","Fri Jan 09 16:43:18 WIB 2026","Fri Jan 09 16:43:18 WIB 2026","13","Surefire suite","Surefire test","com.selenium.ContactPageTest","com.selenium.ContactPageTest","shouldUseHttps","Verifikasi form submission secure (HTTPS)",""
"passed","Fri Jan 09 16:44:44 WIB 2026","Fri Jan 09 16:44:44 WIB 2026","35","Surefire suite","Surefire test","com.selenium.ProvidersPageTest","com.selenium.ProvidersPageTest","shouldDisplayDevelopmentService","Verifikasi layanan 'Development' ditampilkan",""
"passed","Fri Jan 09 16:44:46 WIB 2026","Fri Jan 09 16:44:46 WIB 2026","39","Surefire suite","Surefire test","com.selenium.ProvidersPageTest","com.selenium.ProvidersPageTest","shouldDisplayQuoteRequestInfo","Verifikasi informasi untuk request quote ke semua providers ditampilkan",""
"passed","Fri Jan 09 16:43:16 WIB 2026","Fri Jan 09 16:43:16 WIB 2026","43","Surefire suite","Surefire test","com.selenium.ContactPageTest","com.selenium.ContactPageTest","shouldDisplaySubjectField","Verifikasi Subject field ada dan berfungsi",""
"passed","Fri Jan 09 20:54:50 WIB 2026","Fri Jan 09 20:55:18 WIB 2026","27323","Surefire suite","Surefire test","com.selenium.ContributePageTest","com.selenium.ContributePageTest","shouldNavigateToContributeAndBackHomeViaLogo","Scroll ke bagian 'Do you like Chamilo?', klik tombol CONTRIBUTE, lalu kembali ke home via logo",""
"passed","Fri Jan 09 14:29:31 WIB 2026","Fri Jan 09 14:29:31 WIB 2026","12","Surefire suite","Surefire test","com.selenium.TrainingPageTest","com.selenium.TrainingPageTest","shouldDisplayCCHAPAExamInfo","Verifikasi informasi complex exam untuk CCHAPA terlihat",""
"passed","Fri Jan 09 16:44:43 WIB 2026","Fri Jan 09 16:44:43 WIB 2026","59","Surefire suite","Surefire test","com.selenium.ProvidersPageTest","com.selenium.ProvidersPageTest","shouldHaveBeezNestWebsiteLink","Verifikasi link BeezNest website ada dan dapat diklik",""
"passed","Fri Jan 09 20:36:10 WIB 2026","Fri Jan 09 20:36:18 WIB 2026","7921","Surefire suite","Surefire test","com.selenium.DemoPageTest","com.selenium.DemoPageTest","shouldClickFreeCampusButton","Mengklik tombol Go to Free Campus dan kembali",""
"passed","Fri Jan 09 20:42:26 WIB 2026","Fri Jan 09 20:43:32 WIB 2026","66038","Surefire suite","Surefire test","com.selenium.HomePageTest","com.selenium.HomePageTest","shouldClickSliderButtons","Mengklik tombol Download, Try It, dan Donate Now di dalam slider",""
"passed","Fri Jan 09 16:43:18 WIB 2026","Fri Jan 09 16:43:18 WIB 2026","49","Surefire suite","Surefire test","com.selenium.ContactPageTest","com.selenium.ContactPageTest","shouldHaveStyledSendButton","Verifikasi SEND button styling",""
"passed","Fri Jan 09 16:44:43 WIB 2026","Fri Jan 09 16:44:43 WIB 2026","29","Surefire suite","Surefire test","com.selenium.ProvidersPageTest","com.selenium.ProvidersPageTest","shouldDisplayBeezNestLatinoCard","Verifikasi BeezNest Latino provider card ditampilkan",""
"passed","Fri Jan 09 17:20:35 WIB 2026","Fri Jan 09 17:20:35 WIB 2026","20","Surefire suite","Surefire test","com.selenium.ChamiloAssociationPageTest","com.selenium.ChamiloAssociationPageTest","testCampusChamiloLink","Verifikasi official Chamilo LMS campus link",""
"passed","Fri Jan 09 16:44:43 WIB 2026","Fri Jan 09 16:44:43 WIB 2026","26","Surefire suite","Surefire test","com.selenium.ProvidersPageTest","com.selenium.ProvidersPageTest","shouldDisplayEmailAddresses","Verifikasi email addresses ada pada halaman",""
"passed","Fri Jan 09 16:43:18 WIB 2026","Fri Jan 09 16:43:18 WIB 2026","13","Surefire suite","Surefire test","com.selenium.ContactPageTest","com.selenium.ContactPageTest","shouldDisplayContactImage","Verifikasi contact/mail image dimuat dengan benar",""
"passed","Fri Jan 09 14:29:31 WIB 2026","Fri Jan 09 14:29:31 WIB 2026","35","Surefire suite","Surefire test","com.selenium.TrainingPageTest","com.selenium.TrainingPageTest","shouldHaveClickableCCHAPALink","Verifikasi link 'Chamilo Portal Assistant' terlihat dan dapat diklik",""
"passed","Fri Jan 09 16:44:43 WIB 2026","Fri Jan 09 16:44:43 WIB 2026","33","Surefire suite","Surefire test","com.selenium.ProvidersPageTest","com.selenium.ProvidersPageTest","shouldDisplayProfessionalHelpText","Verifikasi teks 'If you need professional help' ditampilkan",""
"passed","Fri Jan 09 21:13:41 WIB 2026","Fri Jan 09 21:14:08 WIB 2026","26849","Surefire suite","Surefire test","com.selenium.GlobalSearchTest","com.selenium.GlobalSearchTest","shouldShowNoResultsState","Query tidak ditemukan menampilkan pesan kosong yang ramah",""
"passed","Fri Jan 09 16:44:45 WIB 2026","Fri Jan 09 16:44:45 WIB 2026","552","Surefire suite","Surefire test","com.selenium.ProvidersPageTest","com.selenium.ProvidersPageTest","shouldHaveAvisoLegalLink","Verifikasi link 'Aviso Legal' ada di footer",""
"passed","Fri Jan 09 21:15:28 WIB 2026","Fri Jan 09 21:16:21 WIB 2026","52849","Surefire suite","Surefire test","com.selenium.GlobalSearchTest","com.selenium.GlobalSearchTest","shouldPerformCaseInsensitiveSearch","Case insensitive search returns same results",""
"passed","Fri Jan 09 14:29:31 WIB 2026","Fri Jan 09 14:29:31 WIB 2026","12","Surefire suite","Surefire test","com.selenium.TrainingPageTest","com.selenium.TrainingPageTest","shouldDisplayCCHAPASectionHeading","Verifikasi section heading CCHAPA terlihat",""
"passed","Fri Jan 09 17:20:35 WIB 2026","Fri Jan 09 17:20:35 WIB 2026","40","Surefire suite","Surefire test","com.selenium.ChamiloAssociationPageTest","com.selenium.ChamiloAssociationPageTest","testLinkedInLinks","Verifikasi semua link profil LinkedIn membuka dengan benar",""
"passed","Fri Jan 09 20:43:48 WIB 2026","Fri Jan 09 20:44:54 WIB 2026","66286","Surefire suite","Surefire test","com.selenium.HomePageTest","com.selenium.HomePageTest","shouldNavigateNeedHelpLinks","Mengklik tautan FAQ, Forum, dan Services providers di bagian Need help?",""
"passed","Fri Jan 09 14:29:31 WIB 2026","Fri Jan 09 14:29:31 WIB 2026","11","Surefire suite","Surefire test","com.selenium.TrainingPageTest","com.selenium.TrainingPageTest","shouldDisplayCHACOBUSectionHeading","Verifikasi section heading CHACOBU terlihat",""
"passed","Fri Jan 09 16:44:43 WIB 2026","Fri Jan 09 16:44:43 WIB 2026","37","Surefire suite","Surefire test","com.selenium.ProvidersPageTest","com.selenium.ProvidersPageTest","shouldDisplayBelgiumLocation","Verifikasi informasi lokasi Belgium ditampilkan",""
"passed","Fri Jan 09 16:44:43 WIB 2026","Fri Jan 09 16:44:43 WIB 2026","41","Surefire suite","Surefire test","com.selenium.ProvidersPageTest","com.selenium.ProvidersPageTest","shouldDisplayPhoneNumbers","Verifikasi informasi kontak phone numbers ada pada halaman",""
"passed","Fri Jan 09 14:29:41 WIB 2026","Fri Jan 09 14:29:41 WIB 2026","113","Surefire suite","Surefire test","com.selenium.TrainingPageTest","com.selenium.TrainingPageTest","shouldNotHaveBrokenLinks","Verifikasi tidak ada link yang rusak pada halaman",""
"passed","Fri Jan 09 17:20:32 WIB 2026","Fri Jan 09 17:20:33 WIB 2026","645","Surefire suite","Surefire test","com.selenium.ChamiloAssociationPageTest","com.selenium.ChamiloAssociationPageTest","testMichelaProfile","Verifikasi profil Michela (Chamila) lengkap dengan sosmed",""
"passed","Fri Jan 09 14:29:31 WIB 2026","Fri Jan 09 14:29:31 WIB 2026","12","Surefire suite","Surefire test","com.selenium.TrainingPageTest","com.selenium.TrainingPageTest","shouldDisplayCCHAPADescription","Verifikasi deskripsi tentang CCHAPA professionals ditampilkan",""
"passed","Fri Jan 09 17:20:34 WIB 2026","Fri Jan 09 17:20:35 WIB 2026","214","Surefire suite","Surefire test","com.selenium.ChamiloAssociationPageTest","com.selenium.ChamiloAssociationPageTest","testCompanyWebsiteLinks","Verifikasi semua link website perusahaan berfungsi",""
"passed","Fri Jan 09 16:44:44 WIB 2026","Fri Jan 09 16:44:44 WIB 2026","37","Surefire suite","Surefire test","com.selenium.ProvidersPageTest","com.selenium.ProvidersPageTest","shouldDisplaySaaSService","Verifikasi layanan 'SaaS' ditampilkan",""
"passed","Fri Jan 09 16:43:18 WIB 2026","Fri Jan 09 16:43:18 WIB 2026","19","Surefire suite","Surefire test","com.selenium.ContactPageTest","com.selenium.ContactPageTest","shouldDisplayOrganizationInfo","Verifikasi 'Asociación Chamilo' organization ditampilkan",""
"passed","Fri Jan 09 17:20:35 WIB 2026","Fri Jan 09 17:20:35 WIB 2026","58","Surefire suite","Surefire test","com.selenium.ChamiloAssociationPageTest","com.selenium.ChamiloAssociationPageTest","testMailtoLinks","Verifikasi semua link email diformat dengan benar (mailto:)",""
"passed","Fri Jan 09 14:29:41 WIB 2026","Fri Jan 09 14:29:41 WIB 2026","57","Surefire suite","Surefire test","com.selenium.TrainingPageTest","com.selenium.TrainingPageTest","shouldNotHaveMissingTextOrLayoutIssues","Verifikasi tidak ada teks yang hilang atau masalah tata letak",""
"passed","Fri Jan 09 17:20:28 WIB 2026","Fri Jan 09 17:20:28 WIB 2026","19","Surefire suite","Surefire test","com.selenium.ChamiloAssociationPageTest","com.selenium.ChamiloAssociationPageTest","testElectionInfo","Verifikasi teks election informasi ditampilkan dengan benar",""
"passed","Fri Jan 09 14:29:31 WIB 2026","Fri Jan 09 14:29:31 WIB 2026","11","Surefire suite","Surefire test","com.selenium.TrainingPageTest","com.selenium.TrainingPageTest","shouldDisplayCCHAPACertificationDetails","Verifikasi penjelasan tentang names, score, date of certification",""
"passed","Fri Jan 09 14:29:31 WIB 2026","Fri Jan 09 14:29:31 WIB 2026","33","Surefire suite","Surefire test","com.selenium.TrainingPageTest","com.selenium.TrainingPageTest","shouldHaveClickableCHACOBULink","Verifikasi link 'Chamilo Course Builder List' terlihat dan dapat diklik",""
"passed","Fri Jan 09 20:50:55 WIB 2026","Fri Jan 09 20:51:14 WIB 2026","18513","Surefire suite","Surefire test","com.selenium.TrainingPageTest","com.selenium.TrainingPageTest","shouldNavigateToTrainingPageFromChamiloUniverseSection","Membuka homepage Chamilo dan memastikan tombol TRAINING mengarah ke halaman training",""
"passed","Fri Jan 09 16:44:44 WIB 2026","Fri Jan 09 16:44:44 WIB 2026","566","Surefire suite","Surefire test","com.selenium.ProvidersPageTest","com.selenium.ProvidersPageTest","shouldDisplayCertificationInfo","Verifikasi informasi certification process ditampilkan",""
"passed","Fri Jan 09 21:25:01 WIB 2026","Fri Jan 09 21:25:05 WIB 2026","3790","Surefire suite","Surefire test","com.selenium.DownloadPageTest","com.selenium.DownloadPageTest","shouldExposeDocumentationLinks","Dokumentasi resmi memiliki link dengan href yang benar",""
"passed","Fri Jan 09 21:17:42 WIB 2026","Fri Jan 09 21:18:09 WIB 2026","27475","Surefire suite","Surefire test","com.selenium.GlobalSearchTest","com.selenium.GlobalSearchTest","shouldRedirectToResultPageCorrectly","Search preserves results order after redirect",""
"passed","Fri Jan 09 16:43:16 WIB 2026","Fri Jan 09 16:43:16 WIB 2026","40","Surefire suite","Surefire test","com.selenium.ContactPageTest","com.selenium.ContactPageTest","shouldDisplayMessageField","Verifikasi Message/Tell Us field ada dan berfungsi",""
"passed","Fri Jan 09 20:36:18 WIB 2026","Fri Jan 09 20:36:19 WIB 2026","1150","Surefire suite","Surefire test","com.selenium.DemoPageTest","com.selenium.DemoPageTest","shouldCheckHeadingsGrammar","Memeriksa tata bahasa pada semua elemen heading di halaman Demo",""
"passed","Fri Jan 09 16:43:18 WIB 2026","Fri Jan 09 16:43:18 WIB 2026","20","Surefire suite","Surefire test","com.selenium.ContactPageTest","com.selenium.ContactPageTest","shouldHavePostMethod","Verifikasi form has method POST",""
"passed","Fri Jan 09 16:43:16 WIB 2026","Fri Jan 09 16:43:16 WIB 2026","733","Surefire suite","Surefire test","com.selenium.ContactPageTest","com.selenium.ContactPageTest","shouldAcceptTextInput","Verifikasi form accepts text input in semua fields",""
"passed","Fri Jan 09 16:44:43 WIB 2026","Fri Jan 09 16:44:43 WIB 2026","61","Surefire suite","Surefire test","com.selenium.ProvidersPageTest","com.selenium.ProvidersPageTest","shouldHaveNosoloredWebsiteLink","Verifikasi link Nosolored website ada dan dapat diklik",""
"passed","Fri Jan 09 16:44:45 WIB 2026","Fri Jan 09 16:44:46 WIB 2026","556","Surefire suite","Surefire test","com.selenium.ProvidersPageTest","com.selenium.ProvidersPageTest","shouldDisplaySocialMediaIcons","Verifikasi social media icons (Facebook, Twitter, YouTube) ada di footer",""
"passed","Fri Jan 09 14:29:31 WIB 2026","Fri Jan 09 14:29:41 WIB 2026","10316","Surefire suite","Surefire test","com.selenium.TrainingPageTest","com.selenium.TrainingPageTest","shouldHaveClickableEmailLink","Verifikasi email link 'michela@chamilo.org' dapat diklik",""
"passed","Fri Jan 09 14:29:42 WIB 2026","Fri Jan 09 14:29:42 WIB 2026","29","Surefire suite","Surefire test","com.selenium.TrainingPageTest","com.selenium.TrainingPageTest","shouldDisplayAvisoLegalLink","Verifikasi link 'Aviso Legal' ada dan dapat diklik",""
"passed","Fri Jan 09 21:27:30 WIB 2026","Fri Jan 09 21:27:33 WIB 2026","2901","Surefire suite","Surefire test","com.selenium.ForumPageTest","com.selenium.ForumPageTest","shouldHaveValidExternalLinks","Link eksternal utama valid",""
"passed","Fri Jan 09 17:20:19 WIB 2026","Fri Jan 09 17:20:20 WIB 2026","1451","Surefire suite","Surefire test","com.selenium.ChamiloAssociationPageTest","com.selenium.ChamiloAssociationPageTest","testHistoryTabClick","Verifikasi tab 'History' dapat diklik dan kontennya muncul",""
"passed","Fri Jan 09 16:44:43 WIB 2026","Fri Jan 09 16:44:43 WIB 2026","31","Surefire suite","Surefire test","com.selenium.ProvidersPageTest","com.selenium.ProvidersPageTest","shouldDisplayContidosDixitaisCard","Verifikasi Contidos Dixitais provider card ditampilkan",""
"passed","Fri Jan 09 14:28:44 WIB 2026","Fri Jan 09 14:29:31 WIB 2026","46992","Surefire suite","Surefire test","com.selenium.TrainingPageTest","com.selenium.TrainingPageTest","shouldDisplayTrainingPageTitle","Verifikasi judul halaman 'Training' ditampilkan dengan benar",""
"passed","Fri Jan 09 16:44:43 WIB 2026","Fri Jan 09 16:44:43 WIB 2026","32","Surefire suite","Surefire test","com.selenium.ProvidersPageTest","com.selenium.ProvidersPageTest","shouldDisplayPremiumSection","Verifikasi section 'PREMIUM' terlihat",""
"passed","Fri Jan 09 16:44:43 WIB 2026","Fri Jan 09 16:44:43 WIB 2026","103","Surefire suite","Surefire test","com.selenium.ProvidersPageTest","com.selenium.ProvidersPageTest","shouldDisplayProviderLogos","Verifikasi logo provider images dimuat dengan benar",""
"passed","Fri Jan 09 20:56:04 WIB 2026","Fri Jan 09 21:24:30 WIB 2026","1706665","Surefire suite","Surefire test","com.selenium.EventPageTest","com.selenium.EventPageTest","openEventsViaTopBarMenu","openEventsViaTopBarMenu",""
"passed","Fri Jan 09 21:17:13 WIB 2026","Fri Jan 09 21:17:42 WIB 2026","28794","Surefire suite","Surefire test","com.selenium.GlobalSearchTest","com.selenium.GlobalSearchTest","shouldCategorizeSearchResults","Search results are categorized or labeled",""
"passed","Fri Jan 09 16:43:18 WIB 2026","Fri Jan 09 16:43:18 WIB 2026","77","Surefire suite","Surefire test","com.selenium.ContactPageTest","com.selenium.ContactPageTest","shouldNotHaveBrokenImages","Verifikasi images dimuat tanpa error (no broken images)",""
"passed","Fri Jan 09 21:25:11 WIB 2026","Fri Jan 09 21:25:12 WIB 2026","1273","Surefire suite","Surefire test","com.selenium.DownloadPageTest","com.selenium.DownloadPageTest","shouldRenderDownloadIcons","Ikon download ditampilkan dengan ukuran masuk akal",""
"passed","Fri Jan 09 14:29:31 WIB 2026","Fri Jan 09 14:29:31 WIB 2026","12","Surefire suite","Surefire test","com.selenium.TrainingPageTest","com.selenium.TrainingPageTest","shouldDisplayGetCertifiedCallToAction","Verifikasi call-to-action 'Want to get Chamilo-certified?' ditampilkan",""
"passed","Fri Jan 09 21:15:01 WIB 2026","Fri Jan 09 21:15:28 WIB 2026","27437","Surefire suite","Surefire test","com.selenium.GlobalSearchTest","com.selenium.GlobalSearchTest","shouldReturnPartialMatchResults","Partial match search returns relevant results",""
"passed","Fri Jan 09 17:20:32 WIB 2026","Fri Jan 09 17:20:32 WIB 2026","19","Surefire suite","Surefire test","com.selenium.ChamiloAssociationPageTest","com.selenium.ChamiloAssociationPageTest","testOtrosCargosSubtitle","Verifikasi 'Otros cargos de responsabilidad' subjudul",""
"passed","Fri Jan 09 14:29:31 WIB 2026","Fri Jan 09 14:29:31 WIB 2026","11","Surefire suite","Surefire test","com.selenium.TrainingPageTest","com.selenium.TrainingPageTest","shouldDisplayNextCertificationLevelsMessage","Verifikasi pesan tentang next levels of certification terlihat",""
"passed","Fri Jan 09 21:12:17 WIB 2026","Fri Jan 09 21:13:12 WIB 2026","54906","Surefire suite","Surefire test","com.selenium.GlobalSearchTest","com.selenium.GlobalSearchTest","shouldShowSearchInputAndPlaceholder","Search bar toggle exposes input with placeholder",""
"passed","Fri Jan 09 21:24:55 WIB 2026","Fri Jan 09 21:25:01 WIB 2026","5538","Surefire suite","Surefire test","com.selenium.DownloadPageTest","com.selenium.DownloadPageTest","shouldDisplayPageTitle","Verifikasi halaman judul Download ditampilkan dengan benar",""
"passed","Fri Jan 09 14:29:41 WIB 2026","Fri Jan 09 14:29:41 WIB 2026","12","Surefire suite","Surefire test","com.selenium.TrainingPageTest","com.selenium.TrainingPageTest","shouldHaveConsistentTypography","Verifikasi typography dan formatting konsisten",""
"passed","Fri Jan 09 16:44:44 WIB 2026","Fri Jan 09 16:44:45 WIB 2026","556","Surefire suite","Surefire test","com.selenium.ProvidersPageTest","com.selenium.ProvidersPageTest","shouldDisplayCopyrightText","Verifikasi copyright text 'Chamilo © 2024' ditampilkan",""
"passed","Fri Jan 09 16:44:43 WIB 2026","Fri Jan 09 16:44:43 WIB 2026","34","Surefire suite","Surefire test","com.selenium.ProvidersPageTest","com.selenium.ProvidersPageTest","shouldDisplayFranceLocation","Verifikasi informasi lokasi France ditampilkan",""
"passed","Fri Jan 09 14:29:41 WIB 2026","Fri Jan 09 14:29:41 WIB 2026","26","Surefire suite","Surefire test","com.selenium.TrainingPageTest","com.selenium.TrainingPageTest","shouldHaveClearContent","Verifikasi halaman content jelas untuk memahami sertifikasi",""
"passed","Fri Jan 09 16:44:43 WIB 2026","Fri Jan 09 16:44:44 WIB 2026","37","Surefire suite","Surefire test","com.selenium.ProvidersPageTest","com.selenium.ProvidersPageTest","shouldDisplaySpainLocation","Verifikasi informasi lokasi Spain ditampilkan",""
"passed","Fri Jan 09 20:42:02 WIB 2026","Fri Jan 09 20:42:26 WIB 2026","24146","Surefire suite","Surefire test","com.selenium.HomePageTest","com.selenium.HomePageTest","shouldInteractWithSlider","Memastikan slider berfungsi dan tombol next dapat diklik",""
"passed","Fri Jan 09 17:20:35 WIB 2026","Fri Jan 09 17:20:35 WIB 2026","160","Surefire suite","Surefire test","com.selenium.ChamiloAssociationPageTest","com.selenium.ChamiloAssociationPageTest","testNoBrokenImages","Verifikasi tidak ada gambar yang rusak (broken images)",""
"passed","Fri Jan 09 16:43:18 WIB 2026","Fri Jan 09 16:43:18 WIB 2026","72","Surefire suite","Surefire test","com.selenium.ContactPageTest","com.selenium.ContactPageTest","shouldDisplaySendButton","Verifikasi 'SEND' button terlihat",""
"passed","Fri Jan 09 16:43:18 WIB 2026","Fri Jan 09 16:43:18 WIB 2026","20","Surefire suite","Surefire test","com.selenium.ContactPageTest","com.selenium.ContactPageTest","shouldDisplayLegitimationSection","Verifikasi 'Legitimation' section displays 'User consent'",""
"passed","Fri Jan 09 21:25:18 WIB 2026","Fri Jan 09 21:25:19 WIB 2026","1295","Surefire suite","Surefire test","com.selenium.DownloadPageTest","com.selenium.DownloadPageTest","shouldVerifyContentAccuracy","Verifikasi akurasi konten dan informasi versi",""
"passed","Fri Jan 09 16:44:43 WIB 2026","Fri Jan 09 16:44:43 WIB 2026","37","Surefire suite","Surefire test","com.selenium.ProvidersPageTest","com.selenium.ProvidersPageTest","shouldDisplayProvidersDescription","Verifikasi deskripsi tentang official providers ditampilkan",""
"passed","Fri Jan 09 16:43:17 WIB 2026","Fri Jan 09 16:43:17 WIB 2026","140","Surefire suite","Surefire test","com.selenium.ContactPageTest","com.selenium.ContactPageTest","shouldHaveClickablePrivacyPolicyLink","Verifikasi 'privacy policy' link within checkbox text dapat diklik",""
"passed","Fri Jan 09 21:27:28 WIB 2026","Fri Jan 09 21:27:30 WIB 2026","2082","Surefire suite","Surefire test","com.selenium.ForumPageTest","com.selenium.ForumPageTest","shouldDisplayConferenceBanner","Banner konferensi muncul dan dapat diklik",""
"passed","Fri Jan 09 14:29:31 WIB 2026","Fri Jan 09 14:29:31 WIB 2026","11","Surefire suite","Surefire test","com.selenium.TrainingPageTest","com.selenium.TrainingPageTest","shouldDisplayCHACOBUCertificationDetails","Verifikasi penjelasan tentang CHACOBU certification details",""
"passed","Fri Jan 09 16:44:43 WIB 2026","Fri Jan 09 16:44:43 WIB 2026","34","Surefire suite","Surefire test","com.selenium.ProvidersPageTest","com.selenium.ProvidersPageTest","shouldDisplayBeezNestBelgiumCard","Verifikasi BeezNest Belgium provider card ditampilkan",""
"passed","Fri Jan 09 16:43:18 WIB 2026","Fri Jan 09 16:43:18 WIB 2026","50","Surefire suite","Surefire test","com.selenium.ContactPageTest","com.selenium.ContactPageTest","shouldHaveClickableSendButton","Verifikasi 'SEND' button dapat diklik",""
"passed","Fri Jan 09 16:43:16 WIB 2026","Fri Jan 09 16:43:16 WIB 2026","38","Surefire suite","Surefire test","com.selenium.ContactPageTest","com.selenium.ContactPageTest","shouldDisplayFormLabels","Verifikasi form field labels clear dan visible",""
"passed","Fri Jan 09 14:29:31 WIB 2026","Fri Jan 09 14:29:31 WIB 2026","11","Surefire suite","Surefire test","com.selenium.TrainingPageTest","com.selenium.TrainingPageTest","shouldDisplayCCHAPAPassingScore","Verifikasi passing score '74%' dijelaskan dengan benar",""
"passed","Fri Jan 09 16:43:17 WIB 2026","Fri Jan 09 16:43:18 WIB 2026","1243","Surefire suite","Surefire test","com.selenium.ContactPageTest","com.selenium.ContactPageTest","shouldTogglePrivacyCheckbox","Verifikasi checkbox can be checked dan unchecked",""
"passed","Fri Jan 09 21:25:14 WIB 2026","Fri Jan 09 21:25:18 WIB 2026","3665","Surefire suite","Surefire test","com.selenium.DownloadPageTest","com.selenium.DownloadPageTest","shouldValidateExternalLinks","Konten utama memuat link eksternal valid",""
"passed","Fri Jan 09 16:43:16 WIB 2026","Fri Jan 09 16:43:16 WIB 2026","52","Surefire suite","Surefire test","com.selenium.ContactPageTest","com.selenium.ContactPageTest","shouldDisplayNameField","Verifikasi Name field ada dan berfungsi",""
"passed","Fri Jan 09 20:43:32 WIB 2026","Fri Jan 09 20:43:48 WIB 2026","15414","Surefire suite","Surefire test","com.selenium.HomePageTest","com.selenium.HomePageTest","shouldExposeNeedHelpResources","Memastikan blok 'Need help?' menampilkan tautan bantuan utama Chamilo",""
"passed","Fri Jan 09 14:29:42 WIB 2026","Fri Jan 09 14:29:42 WIB 2026","19","Surefire suite","Surefire test","com.selenium.TrainingPageTest","com.selenium.TrainingPageTest","shouldDisplayTwitterIcon","Verifikasi ikon media sosial Twitter terlihat dan berfungsi",""
"passed","Fri Jan 09 20:46:43 WIB 2026","Fri Jan 09 20:47:08 WIB 2026","25253","Surefire suite","Surefire test","com.selenium.HomePageTest","com.selenium.HomePageTest","shouldInteractWithAcknowledgmentsLinks","Memastikan link di section Acknowledgments dapat diklik dan kembali ke home",""
"passed","Fri Jan 09 17:20:17 WIB 2026","Fri Jan 09 17:20:18 WIB 2026","568","Surefire suite","Surefire test","com.selenium.ChamiloAssociationPageTest","com.selenium.ChamiloAssociationPageTest","testWhatChamiloSectionTitle","Verifikasi judul seksi 'What Chamilo?' terlihat",""
"passed","Fri Jan 09 21:16:46 WIB 2026","Fri Jan 09 21:17:13 WIB 2026","27316","Surefire suite","Surefire test","com.selenium.GlobalSearchTest","com.selenium.GlobalSearchTest","shouldDisplayClickableSearchResults","Search results show content and can be clicked",""
"passed","Fri Jan 09 20:33:45 WIB 2026","Fri Jan 09 20:34:41 WIB 2026","55772","Surefire suite","Surefire test","com.selenium.NavbarTest","com.selenium.NavbarTest","testNavbarNavigation","testNavbarNavigation",""
"passed","Fri Jan 09 21:25:05 WIB 2026","Fri Jan 09 21:25:08 WIB 2026","2987","Surefire suite","Surefire test","com.selenium.DownloadPageTest","com.selenium.DownloadPageTest","shouldDisplayVersionInfo","Blok informasi versi menampilkan detail rilis dan lisensi",""
"passed","Fri Jan 09 14:29:42 WIB 2026","Fri Jan 09 14:29:42 WIB 2026","17","Surefire suite","Surefire test","com.selenium.TrainingPageTest","com.selenium.TrainingPageTest","shouldDisplayYouTubeIcon","Verifikasi ikon media sosial YouTube terlihat dan berfungsi",""
"passed","Fri Jan 09 16:43:15 WIB 2026","Fri Jan 09 16:43:15 WIB 2026","53","Surefire suite","Surefire test","com.selenium.ContactPageTest","com.selenium.ContactPageTest","shouldDisplayContactHeading","Verifikasi halaman judul terlihat di browser tab",""
"passed","Fri Jan 09 17:20:29 WIB 2026","Fri Jan 09 17:20:30 WIB 2026","638","Surefire suite","Surefire test","com.selenium.ChamiloAssociationPageTest","com.selenium.ChamiloAssociationPageTest","testNoaOrizalesProfile","Verifikasi profil Noa Orizales Iglesias lengkap",""
"passed","Fri Jan 09 21:13:12 WIB 2026","Fri Jan 09 21:13:41 WIB 2026","29129","Surefire suite","Surefire test","com.selenium.GlobalSearchTest","com.selenium.GlobalSearchTest","shouldReturnResultsForValidQuery","Valid query returns results dalam waktu wajar",""
"passed","Fri Jan 09 20:37:30 WIB 2026","Fri Jan 09 20:38:29 WIB 2026","59677","Surefire suite","Surefire test","com.selenium.FooterTest","com.selenium.FooterTest","shouldClickAllFooterLinks","Mengklik semua link di footer dan kembali ke home",""
"passed","Fri Jan 09 14:29:31 WIB 2026","Fri Jan 09 14:29:31 WIB 2026","12","Surefire suite","Surefire test","com.selenium.TrainingPageTest","com.selenium.TrainingPageTest","shouldDisplayCHACOBURankingInfo","Verifikasi informasi ranking CHACOBU terlihat",""
"passed","Fri Jan 09 14:29:41 WIB 2026","Fri Jan 09 14:29:42 WIB 2026","527","Surefire suite","Surefire test","com.selenium.TrainingPageTest","com.selenium.TrainingPageTest","shouldDisplayCopyrightText","Verifikasi teks copyright 'Chamilo © 2024' ditampilkan",""
"passed","Fri Jan 09 21:25:12 WIB 2026","Fri Jan 09 21:25:14 WIB 2026","2070","Surefire suite","Surefire test","com.selenium.DownloadPageTest","com.selenium.DownloadPageTest","shouldDisplayConferenceBanner","Banner konferensi muncul di halaman download",""
"broken","Fri Jan 09 16:14:27 WIB 2026","Fri Jan 09 16:17:07 WIB 2026","159203","Default Suite","TestNGTest-31d4dac6-f31b-4bdd-98fb-6dba3b2e1c0f","com.selenium.EventPageTest","com.selenium.EventPageTest","shouldNavigateToEventsAndSlowScrollToBottom","Akses halaman Events dari navbar, lalu scroll perlahan sampai paling bawah",""
"passed","Fri Jan 09 16:42:49 WIB 2026","Fri Jan 09 16:43:15 WIB 2026","26405","Surefire suite","Surefire test","com.selenium.ContactPageTest","com.selenium.ContactPageTest","shouldDisplayContactPageTitle","Verifikasi halaman judul 'Contact' ditampilkan dengan benar",""
"passed","Fri Jan 09 16:44:44 WIB 2026","Fri Jan 09 16:44:44 WIB 2026","46","Surefire suite","Surefire test","com.selenium.ProvidersPageTest","com.selenium.ProvidersPageTest","shouldDisplayProviderFromYear","Verifikasi informasi 'Provider from' year ditampilkan",""
"passed","Fri Jan 09 17:20:27 WIB 2026","Fri Jan 09 17:20:28 WIB 2026","540","Surefire suite","Surefire test","com.selenium.ChamiloAssociationPageTest","com.selenium.ChamiloAssociationPageTest","testBoardOfDirectorsTitle","Verifikasi judul seksi 'Board of directors' terlihat",""
"passed","Fri Jan 09 14:29:42 WIB 2026","Fri Jan 09 14:29:42 WIB 2026","16","Surefire suite","Surefire test","com.selenium.TrainingPageTest","com.selenium.TrainingPageTest","shouldDisplayFacebookIcon","Verifikasi ikon media sosial Facebook terlihat dan berfungsi",""
"passed","Fri Jan 09 17:20:33 WIB 2026","Fri Jan 09 17:20:34 WIB 2026","654","Surefire suite","Surefire test","com.selenium.ChamiloAssociationPageTest","com.selenium.ChamiloAssociationPageTest","testAngelProfile","Verifikasi profil Ángel lengkap",""
"passed","Fri Jan 09 16:43:17 WIB 2026","Fri Jan 09 16:43:17 WIB 2026","36","Surefire suite","Surefire test","com.selenium.ContactPageTest","com.selenium.ContactPageTest","shouldDisplayPrivacyCheckboxText","Verifikasi checkbox text 'I have read dan I accept the privacy policy' ditampilkan",""
"passed","Fri Jan 09 21:16:21 WIB 2026","Fri Jan 09 21:16:46 WIB 2026","24689","Surefire suite","Surefire test","com.selenium.GlobalSearchTest","com.selenium.GlobalSearchTest","shouldNotSearchWithEmptyField","Empty search field does not submit",""
"passed","Fri Jan 09 16:43:18 WIB 2026","Fri Jan 09 16:43:18 WIB 2026","21","Surefire suite","Surefire test","com.selenium.ContactPageTest","com.selenium.ContactPageTest","shouldDisplayRightsSection","Verifikasi 'Rights' section menampilkan informasi tentang data rights",""
"passed","Fri Jan 09 16:44:43 WIB 2026","Fri Jan 09 16:44:43 WIB 2026","33","Surefire suite","Surefire test","com.selenium.ProvidersPageTest","com.selenium.ProvidersPageTest","shouldDisplayNosoloredCard","Verifikasi Nosolored provider card ditampilkan",""
"passed","Fri Jan 09 17:20:28 WIB 2026","Fri Jan 09 17:20:29 WIB 2026","615","Surefire suite","Surefire test","com.selenium.ChamiloAssociationPageTest","com.selenium.ChamiloAssociationPageTest","testYannickWarnierProfile","Verifikasi profil Yannick Warnier lengkap",""
"passed","Fri Jan 09 16:44:43 WIB 2026","Fri Jan 09 16:44:43 WIB 2026","47","Surefire suite","Surefire test","com.selenium.ProvidersPageTest","com.selenium.ProvidersPageTest","shouldHaveBatisseursNumeriquesWebsiteLink","Verifikasi link Bâtisseurs Numériques website ada dan dapat diklik",""
"passed","Fri Jan 09 14:29:41 WIB 2026","Fri Jan 09 14:29:41 WIB 2026","11","Surefire suite","Surefire test","com.selenium.TrainingPageTest","com.selenium.TrainingPageTest","shouldHaveFunctionalCourseBuilderLink","Verifikasi link Course Builder berfungsi dengan benar",""
"passed","Fri Jan 09 16:43:18 WIB 2026","Fri Jan 09 16:43:18 WIB 2026","25","Surefire suite","Surefire test","com.selenium.ContactPageTest","com.selenium.ContactPageTest","shouldDisplayObjectiveSection","Verifikasi 'Objective' section displays information",""
"passed","Fri Jan 09 16:44:43 WIB 2026","Fri Jan 09 16:44:43 WIB 2026","50","Surefire suite","Surefire test","com.selenium.ProvidersPageTest","com.selenium.ProvidersPageTest","shouldHaveContidosDixitaisWebsiteLink","Verifikasi link Contidos Dixitais website ada dan dapat diklik",""
"passed","Fri Jan 09 21:18:09 WIB 2026","Fri Jan 09 21:19:28 WIB 2026","78679","Surefire suite","Surefire test","com.selenium.GlobalSearchTest","com.selenium.GlobalSearchTest","shouldHandleMultipleSearchAttempts","Multiple search attempts work correctly",""
"passed","Fri Jan 09 14:29:31 WIB 2026","Fri Jan 09 14:29:31 WIB 2026","11","Surefire suite","Surefire test","com.selenium.TrainingPageTest","com.selenium.TrainingPageTest","shouldDisplayCHACOBUExamInfo","Verifikasi informasi complex exam untuk CHACOBU terlihat",""
"passed","Fri Jan 09 17:20:29 WIB 2026","Fri Jan 09 17:20:29 WIB 2026","620","Surefire suite","Surefire test","com.selenium.ChamiloAssociationPageTest","com.selenium.ChamiloAssociationPageTest","testLauraGuiraoProfile","Verifikasi profil Laura Guirao Rodríguez lengkap",""
"passed","Fri Jan 09 20:44:54 WIB 2026","Fri Jan 09 20:46:21 WIB 2026","87130","Surefire suite","Surefire test","com.selenium.HomePageTest","com.selenium.HomePageTest","shouldNavigateChamiloUniverseLinks","Mengklik tombol Training, ChamiloTalks, Events, dan Tutorials di bagian Chamilo Universe",""
"passed","Fri Jan 09 16:43:18 WIB 2026","Fri Jan 09 16:43:18 WIB 2026","17","Surefire suite","Surefire test","com.selenium.ContactPageTest","com.selenium.ContactPageTest","shouldDisplayPrivacyInformation","Verifikasi data privacy information terlihat below the checkbox",""
"passed","Fri Jan 09 20:46:21 WIB 2026","Fri Jan 09 20:46:43 WIB 2026","21690","Surefire suite","Surefire test","com.selenium.HomePageTest","com.selenium.HomePageTest","shouldPromoteContributionCTA","Memastikan blok ajakan kontribusi tampil dan dapat diklik",""
"passed","Fri Jan 09 17:20:30 WIB 2026","Fri Jan 09 17:20:32 WIB 2026","1884","Surefire suite","Surefire test","com.selenium.ChamiloAssociationPageTest","com.selenium.ChamiloAssociationPageTest","testScrollFromBoardToCommunityLeaders","Verifikasi scroll dari Board of Directors ke Community Leaders",""
"passed","Fri Jan 09 20:35:49 WIB 2026","Fri Jan 09 20:36:10 WIB 2026","20571","Surefire suite","Surefire test","com.selenium.DemoPageTest","com.selenium.DemoPageTest","shouldNavigateToDemoPage","Masuk ke halaman Demo melalui Navbar",""
"passed","Fri Jan 09 21:25:08 WIB 2026","Fri Jan 09 21:25:11 WIB 2026","2898","Surefire suite","Surefire test","com.selenium.DownloadPageTest","com.selenium.DownloadPageTest","shouldExposeDownloadOptions","Opsi download ZIP dan TAR.GZ terlihat dan mengarah ke GitHub release",""
"passed","Fri Jan 09 16:44:44 WIB 2026","Fri Jan 09 16:44:44 WIB 2026","35","Surefire suite","Surefire test","com.selenium.ProvidersPageTest","com.selenium.ProvidersPageTest","shouldDisplayLatinAmericaLocation","Verifikasi informasi lokasi Latin America ditampilkan",""
"passed","Fri Jan 09 17:20:24 WIB 2026","Fri Jan 09 17:20:26 WIB 2026","1250","Surefire suite","Surefire test","com.selenium.ChamiloAssociationPageTest","com.selenium.ChamiloAssociationPageTest","testTheAssociationContent","Verifikasi konten default The Association tab",""
"passed","Fri Jan 09 14:29:31 WIB 2026","Fri Jan 09 14:29:31 WIB 2026","12","Surefire suite","Surefire test","com.selenium.TrainingPageTest","com.selenium.TrainingPageTest","shouldDisplayCHACOBUDescription","Verifikasi deskripsi tentang CHACOBU professionals ditampilkan",""
"passed","Fri Jan 09 16:43:18 WIB 2026","Fri Jan 09 16:43:18 WIB 2026","20","Surefire suite","Surefire test","com.selenium.ContactPageTest","com.selenium.ContactPageTest","shouldDisplayAddressInfo","Verifikasi address information ditampilkan",""
"passed","Fri Jan 09 21:14:34 WIB 2026","Fri Jan 09 21:15:01 WIB 2026","26992","Surefire suite","Surefire test","com.selenium.GlobalSearchTest","com.selenium.GlobalSearchTest","shouldReturnExactMatchResults","Exact match search returns correct item",""
"passed","Fri Jan 09 21:14:08 WIB 2026","Fri Jan 09 21:14:34 WIB 2026","26208","Surefire suite","Surefire test","com.selenium.GlobalSearchTest","com.selenium.GlobalSearchTest","shouldHandleSpecialCharacters","Karakter khusus tidak memicu error dan halaman tetap ter-render",""
